,AccelerationX,AccelerationY,AccelerationZ,Label,Session
0,9.32026172983832,-0.5105851356783118,2.1502294473766086,activity1,0
1,2.5007860418361165,-3.666155003367397,0.4976001028292829,activity1,0
2,5.393689920528696,9.168001237205008,4.590579488404017,activity1,0
3,11.70446599600729,1.4532450203860456,2.6410685400501563,activity1,0
4,9.837789950749837,-0.38905196824298094,-12.019736608354084,activity1,0
5,-4.386389399382055,-4.925125595079595,1.1024056628045806,activity1,0
6,5.250442087627947,5.3613116642062355,4.539464284420825,activity1,0
7,-0.2567860414884895,7.6573584202249645,3.5106048913905736,activity1,0
8,-0.016094258967789266,-0.7253652162959656,-3.825950001158226,activity1,0
9,2.5529925096918618,-2.616269050560187,-0.26660175404117004,activity1,0
10,1.22021785580439,-1.4799943300281873,-0.7024527947913997,activity1,0
11,7.771367534814875,-6.29261201140875,0.19618326867465785,activity1,0
12,4.305188625734967,7.113012638334844,3.164330618535251,activity1,0
13,1.1083750824641418,0.5172196921710928,4.322004720337327,activity1,0
14,2.719316163727129,0.4990161494572476,-3.780416798007429,activity1,0
15,2.168371636871334,8.168519777052229,-7.911702482977951,activity1,0
16,7.970395365788031,-3.3654112391213555,3.765347312752999,activity1,0
17,-0.5257913188290044,-1.506274685855419,5.1512754002156385,activity1,0
18,2.0653385082545066,-0.07678382186329369,2.5259130538447643,activity1,0
19,-3.770478696508624,5.557777244939965,1.520012406124371,activity1,0
20,-12.264949079170393,8.066177610279887,-3.6138279511483757,activity1,0
21,3.7680929772018033,5.08534310598962,-5.884371537606757,activity1,0
22,4.822180994297529,4.144465358939276,-0.6321843717677131,activity1,0
23,-3.2108251020322096,3.2601607150523186,-4.580263548559289,activity1,0
24,11.848773119938038,-13.516170423224937,-2.7864739078391993,activity1,0
25,-6.771828372993824,-1.4802658908506354,1.9699545080894816,activity1,0
26,0.7287925865072302,-3.0657181104193465,3.6002626259183295,activity1,0
27,-0.435919250129168,7.004168343506194,4.398168260477091,activity1,0
28,8.163896071792287,-2.264328964096221,2.7749200867052375,activity1,0
29,7.8467938495014256,10.854487049522545,-6.017178704101535,activity1,0
30,1.2747371284845816,-1.329541650467019,-2.322248582551717,activity1,0
31,2.390812598010868,-3.98815020828037,-2.9856619432449323,activity1,0
32,-3.9389287381505635,7.724682405104787,5.689198711640557,activity1,0
33,-9.403982341119635,1.3647092708235427,8.300772108004232,activity1,0
34,-1.239560746630763,1.9134424814184365,-6.801030579502239,activity1,0
35,1.2817448455199,5.9543478163260515,-9.198379296884589,activity1,0
36,6.6514534036386035,-0.5067408082177527,3.1329288468039778,activity1,0
37,6.5118992439220555,-2.903428775346592,8.80169384375882,activity1,0
38,-1.4366340870397614,4.516375118666853,-1.3190452806620914,activity1,0
39,-1.0115137528766778,-1.2108191498526941,0.34477404316022686,activity1,0
40,-4.742764825335463,-1.8624442109952417,-1.3181120412715701,activity1,0
41,-6.600089685894876,-2.9612844907942337,6.709008172367771,activity1,0
42,-8.031350953125063,0.26664368140665395,-7.84336063077232,activity1,0
43,10.25387697615895,-2.5979004412466744,3.5660508160302964,activity1,0
44,-2.0482609087582677,4.847630037636245,0.7173455474979962,activity1,0
45,-1.6903715080559318,-0.23441426382984654,1.0827410954773429,activity1,0
46,-5.763976800249631,2.140458815339817,-2.393024218074678,activity1,0
47,4.38745177915955,-6.315217497714521,-5.823393637277378,activity1,0
48,-7.569489237789757,4.539171515264021,-0.08743694675421398,activity1,0
49,-0.5637014010698436,3.803320145509968,-1.9259325114147026,activity1,0
50,-3.977332805968378,4.394250225683398,5.615335154624433,activity1,0
51,2.43451248929631,8.036601263792708,1.2417772519925854,activity1,0
52,-2.0540256878443652,2.39788102842222,0.3528968817158087,activity1,0
53,-5.403160920612061,3.7596477445842327,4.87916401593485,activity1,0
54,0.35908885830672554,2.260000791777636,1.174038986928542,activity1,0
55,2.6416593526520877,-1.918694429863209,0.9203220758036168,activity1,0
56,0.8325861119158393,-0.17871434934290464,4.965579885362471,activity1,0
57,2.012359488698907,-0.174857146631485,-0.1921819244066847,activity1,0
58,-2.671610468404818,5.526681078578685,-0.7576472212042233,activity1,0
59,-1.3137058299356905,-3.7716274471950637,3.2451357493377504,activity1,0
60,-2.862302238879755,-8.473827206694347,8.777847979261667,activity1,0
61,-1.2977658077027066,5.414553282690483,-6.136367885621203,activity1,0
62,-3.56573141022227,4.513874800722975,-0.16263529089435513,activity1,0
63,-8.131413011658385,-1.8369817819739125,-9.877425184342792,activity1,0
64,1.3871307112687643,-6.571164658299449,3.513938922187471,activity1,0
65,-1.5089046810413094,-5.099967247031894,2.930635245334056,activity1,0
66,-7.650991734830223,4.935983359157156,10.724849846560113,activity1,0
67,2.813911277628871,0.8814102542907549,-2.947377602729764,activity1,0
68,-4.036491821916211,6.6156439056684775,2.3949552092175286,activity1,0
69,0.7597269789806949,-2.8281815949688798,2.447415554692726,activity1,0
70,4.145452810887685,-1.2063687192636823,6.560906321261456,activity1,0
71,1.1449145537870535,-2.023279931684972,1.0682810248466454,activity1,0
72,6.197003422716503,2.1378667675482688,-4.68939943541109,activity1,0
73,-5.674129101768263,6.211933957514765,8.03384341319914,activity1,0
74,2.5117082058877447,4.232657245028459,-1.8838743168163203,activity1,0
75,-2.924050454701566,9.455280678316438,6.958175750687618,activity1,0
76,-3.8539857459094087,0.13731445103017914,6.9808673602065845,activity1,0
77,-2.3942483238220773,6.738409723668775,6.072162402033359,activity1,0
78,-1.0577626606368633,0.8557148919492552,1.3868097695185169,activity1,0
79,0.7808267111487273,-8.738867433165419,-0.9377105413424942,activity1,0
80,-5.325749203916782,10.329574360416103,7.784260528159317,activity1,0
81,5.004132434770936,-0.705369352194938,4.7509556029384745,activity1,0
82,2.8283121986522994,-0.2890214428990272,-1.4154147049169123,activity1,0
83,-7.181218431386119,3.127287980258883,-2.606519890164772,activity1,0
84,7.941260968977998,-9.058354677222292,11.545146468831362,activity1,0
85,9.979445880152916,5.174027062527607,5.896016650206729,activity1,0
86,6.3938978557982535,4.729731083334595,6.134138970212652,activity1,0
87,-0.3996241790617545,1.0923233274500106,1.232232325200631,activity1,0
88,-4.853763107552712,3.0145723358262977,-4.721192778782383,activity1,0
89,5.7722586346556835,-0.4913853990416106,2.0564376647918796,activity1,0
90,-1.5158847348658981,4.327679138985587,5.263645019390231,activity1,0
91,6.612225351912137,5.036694781631076,-0.18450322786950846,activity1,0
92,1.5413748903843016,1.4869558635301878,1.2898992457210992,activity1,0
93,5.3831951824185635,7.369241032153761,5.2342353416481515,activity1,0
94,2.2818319858720093,-4.446650241685647,6.309522033206298,activity1,0
95,4.03286584095974,-4.44551189854125,1.058563653732322,activity1,0
96,0.5525001036041024,-11.884926982001305,-5.773991132982493,activity1,0
97,9.429352469529176,4.351271373073322,0.5209677981774714,activity1,0
98,1.1345604635180995,0.06936709714286282,-8.935406466967233,activity1,0
99,2.5099468172235078,-3.7883397727359887,9.554623781469038,activity1,0
100,10.415753485281272,4.195867990561646,7.233809957194779,activity1,0
101,-6.238795305712232,-0.7360017166430508,-5.3530935891024605,activity1,0
102,-5.852424992428668,1.6668978422028786,-3.599275953974079,activity1,0
103,5.346983540790056,4.854070589898576,-4.694254712300644,activity1,0
104,-5.365617025570799,3.869275869376686,-1.3975806590520352,activity1,0
105,10.218105928246462,8.636334904411486,1.7359283815207114,activity1,0
106,-1.5680949037987366,4.258482592346944,0.9891877134539877,activity1,0
107,-3.2372740572037886,-3.4417057560139703,-1.3438346646565182,activity1,0
108,10.114710132401923,-3.5411040239606706,7.640519928180002,activity1,0
109,7.902573957172121,-6.368018394901798,-5.834131545748706,activity1,0
110,9.83779480213285,-1.522996066494596,-3.157373998269814,activity1,0
111,5.0302232913769265,5.64031520226081,-0.6809771079525768,activity1,0
112,-3.8061284252735126,-7.093912160103699,0.17977226141177738,activity1,0
113,10.05032476549517,-1.9190007999064376,8.425031305319346,activity1,0
114,-0.840016854756902,3.5753660209359523,3.342049160671559,activity1,0
115,4.512281978981976,4.60810229582242,-4.556425565269663,activity1,0
116,5.23625983886874,1.1332943323496707,-5.303799968637444,activity1,0
117,-0.275050465454171,3.3762502086588135,8.693343093631439,activity1,0
118,3.5703968517304014,11.031188767627713,0.5050819157573723,activity1,0
119,5.111033357832634,4.972447945737945,3.799803935134589,activity1,0
120,2.382127655778147,-3.435754417695207,-2.0204400301290484,activity1,0
121,-4.997003952920973,-6.486097801958121,9.303958337950542,activity1,0
122,1.99119087103028,2.136598134782,-0.9935757518717729,activity1,0
123,7.131929483435151,4.473272202163262,0.15016040415088305,activity1,0
124,-2.9728392986568273,-1.5800995296702913,-0.6953478814584324,activity1,0
125,-0.24817270163835392,4.056371907666371,0.7404348511493577,activity1,0
126,-1.6757677586081874,0.2973099949439477,0.21922957315417824,activity1,0
127,9.746318642396709,-8.022278170656431,-6.506132345526732,activity1,0
128,3.861473785062177,3.4187674268028934,-1.537345863238655,activity1,0
129,2.5373091812055524,-4.537939173235685,5.728186411294352,activity1,0
130,-3.349580372226582,4.125925548423583,-10.557932987292698,activity1,0
131,3.1962459564590864,5.233594668491512,1.0018163653189518,activity1,0
132,-2.8716633032868804,3.0336644470888015,-5.359097601684827,activity1,0
133,0.6591527913717559,8.724746197060028,10.471793496129104,activity1,0
134,-2.679230391894405,3.065550649721901,-3.20223889058986,activity1,0
135,3.8821664747324984,2.130047614560532,-8.736167438134391,activity1,0
136,3.3829540830747042,3.082593916362531,-1.3318575924478382,activity1,0
137,-0.5414937778899744,1.3098592726564044,8.890893908999908,activity1,0
138,2.4800335633082264,10.071381085107936,-1.3221733026600795,activity1,0
139,-4.9653075436525285,3.926044889669816,1.6580212572024173,activity1,0
140,-6.956287963528028,13.857318036699613,-2.674946796342774,activity1,0
141,2.6969585063226846,-5.80791583358281,-4.795877943588207,activity1,0
142,1.3333674768626453,0.8168776161849913,-1.3329637031346135,activity1,0
143,3.6751571844605317,-2.561254437732673,-6.185456159540025,activity1,0
144,12.41572387431971,4.032177993257196,7.027297419559641,activity1,0
145,5.222397434952069,-0.24533753484976573,0.7749855488154593,activity1,0
146,-4.064111127220793,2.107254537163423,-5.282940451491642,activity1,0
147,6.085081440479264,-1.2133518712075237,-0.4391314776675892,activity1,0
148,-6.079537052557606,2.228629277488624,-8.076631987933531,activity1,0
149,-1.8079230240735447,-1.8414013859993164,-0.9041526894682472,activity1,0
150,0.15879197337684392,1.9594580807693087,2.3011866959989957,activity1,0
151,9.066713608246832,2.8252538492658115,-3.1062688338979436,activity1,0
152,-3.2237741102421995,1.1248747228496763,3.1019545740518524,activity1,0
153,-3.632192693295072,3.2996677369268816,3.596543449735738,activity1,0
154,0.007737377872838458,3.8931180708178603,0.7985812223549491,activity1,0
155,-2.817391431810537,-1.5227731278258982,7.209950780653845,activity1,0
156,6.133179610532535,3.8462212735599595,9.305091262300964,activity1,0
157,-4.899657541817117,2.969112484724276,-1.6468453196550903,activity1,0
158,-5.2373432620555125,6.604698249821084,4.05251770792702,activity1,0
159,-1.6891002237221704,1.0184396881229842,-0.6496096481562907,activity1,0
160,-1.9901622534615244,3.987823248087272,-5.47729455362755,activity1,0
161,10.147660269084929,-2.847955732845704,8.21679877891982,activity1,0
162,5.247104034628804,-5.954554469463718,1.6895708835897651,activity1,0
163,0.9377562069259544,1.4743064756654176,4.336068456812153,activity1,0
164,-5.62717759415084,1.4711260315496348,-10.049071192648995,activity1,0
165,4.7218148820077355,-2.874134548522567,3.707790719182449,activity1,0
166,-4.501076736947824,-9.485167214664807,-6.652251695858322,activity1,0
167,-7.223855483888058,12.528853043460582,-2.0163413789515015,activity1,0
168,6.440148961761508,3.600392314739855,-0.40431414654327913,activity1,0
169,2.084713059624248,2.3864908164264937,-4.349309381457443,activity1,0
170,5.104294118904095,8.26251597527365,5.14310418087366,activity1,0
171,2.093638264715106,-6.827635602167062,6.622853411503307,activity1,0
172,4.784153059513455,2.322470205349962,-3.766205322459169,activity1,0
173,-2.7551279665007344,0.42238697020741456,2.4400991910703396,activity1,0
174,-4.671214208922324,6.4928119627070995,-5.987867552320288,activity1,0
175,3.907972591408135,-1.5890677671220925,-3.178317346237553,activity1,0
176,-3.517048320869206,-7.975812562030615,1.4848861082953722,activity1,0
177,-2.947748888751003,4.605371783684999,6.916548504487096,activity1,0
178,-1.7776625175867156,-8.368363864064083,-0.5533702066912805,activity1,0
179,0.5873957951252837,-4.79725183009152,-0.26512850901083285,activity1,0
180,-1.2699695562674198,4.14226582421352,-0.4946182852571943,activity1,0
181,-6.374756467090094,6.295923242074894,3.7804996807690756,activity1,0
182,-2.7180920141644527,1.9077693154298627,1.337747271709727,activity1,0
183,-10.617015761122133,-1.4725720620092666,2.575076657349223,activity1,0
184,3.6261572551359373,-9.426750635327469,-0.9700039523956483,activity1,0
185,-7.510288278033737,-1.7117111426373972,-1.5468909592155367,activity1,0
186,-5.021916697142252,-4.197940476533906,-3.6080761049245984,activity1,0
187,0.7608253963048721,-1.101588373188423,-1.8846552621327786,activity1,0
188,-3.1978149819565664,-4.111582981457615,5.020302750772583,activity1,0
189,8.215072977033678,-2.1488098257538746,6.569130119459924,activity1,0
190,-5.964284548617243,8.817378714681894,4.826097445181395,activity1,0
191,1.8352543467459146,-12.13233493608668,-5.146053049391073,activity1,0
192,0.3035859088625219,-10.84521663446918,5.850809157248079,activity1,0
193,-5.340467488705987,3.1084416971167297,-0.21256324678117222,activity1,0
194,3.116383302658768,-1.3985537082910333,-3.8623364710870955,activity1,0
195,-0.35773165611124047,-4.863556671799828,-7.565310076625053,activity1,0
196,4.358952756068337,-5.995432127981379,0.8759616652847702,activity1,0
197,4.6175207698186576,1.398741607706139,2.640948625741344,activity1,0
198,11.31617974640345,1.839615109968599,1.1656219594704842,activity1,0
199,7.182639747181959,4.350933484568087,-10.205366732376193,activity1,0
200,2.154090810287782,10.59756195224583,-0.5316507317306503,activity1,0
201,2.3031041121203684,1.3707343505247906,1.6780862377710115,activity1,0
202,8.998297979435566,3.966151443635994,-3.7059703295024446,activity1,0
203,6.776318653612989,2.995668396779535,-0.9915649085175255,activity1,0
204,6.70065763048796,3.2360202401359643,5.5941875959380365,activity1,0
205,-4.584780221554173,2.289556444605407,0.3768646981661865,activity1,0
206,3.378369378005322,-2.6793853868329585,8.568569977240207,activity1,0
207,-0.1901545460284435,4.594065629377486,3.270142537438212,activity1,0
208,4.899622995216191,4.737174908258712,-2.576557407934697,activity1,0
209,3.0092480517852103,3.955620468283663,-0.9054249616042025,activity1,0
210,8.05089454046296,8.178192727648383,8.037118139406825,activity1,0
211,5.08609107595651,6.821181981542005,-9.279951287210896,activity1,0
212,7.431639810544881,-5.494219697726013,14.288130434716978,activity1,0
213,1.1679045163202848,-1.3876745419448229,1.204853425303058,activity1,0
214,-1.2222312795912522,8.534369427057246,-1.4651527781064457,activity1,0
215,1.4497515339872575,1.293680909210622,12.834799356190238,activity1,0
216,3.4148979306927973,4.815362199941172,1.413238447086019,activity1,0
217,5.395758677775409,2.030864959799667,8.367560826114406,activity1,0
218,14.79654475345426,9.699273012895942,0.9029197389137358,activity1,0
219,3.2887142416967867,4.265207059961783,12.655626137684473,activity1,0
220,-1.279725002463885,3.959701261925949,2.4284657381846975,activity1,0
221,1.770091121503068,-3.9730149943500033,1.8664961169804513,activity1,0
222,1.1820201267695292,-4.712085261627003,-0.06963012792857803,activity1,0
223,5.907407368867311,1.5375895447813972,-6.690506410260465,activity1,0
224,-4.203985072223124,8.190296970555842,0.9684747894899814,activity1,0
225,3.8163099710016586,-0.3775978729686189,6.859640665937417,activity1,0
226,4.282532689826878,10.65310444163615,9.627602349978957,activity1,0
227,4.660905181001379,0.5134533122809817,-1.6263090363673207,activity1,0
228,0.5134196551731867,5.576882582459102,4.956727136454602,activity1,0
229,2.310391351319965,1.0165060178993097,0.5411480448911163,activity1,0
230,-3.620304544912658,5.775836959255235,7.244095248425906,activity1,0
231,1.0334005831890298,10.4847247469989,11.86230510272394,activity1,0
232,0.7856926199164112,8.301663859431827,7.69797381999703,activity1,0
233,5.580250231307128,11.847439431202078,12.08974118829,activity1,0
234,-2.2809121591095636,-0.1252660826980252,-4.729344550759572,activity1,0
235,7.405990508549967,-2.1784235759938175,-5.117523133999054,activity1,0
236,10.972422722456844,-2.6655441335777788,11.890936391064049,activity1,0
237,-6.849925125067664,2.364407122460357,6.639926042561797,activity1,0
238,5.631293653890505,-2.927462717358826,-2.650289887015119,activity1,0
239,6.884540175151228,-1.1590296364463848,4.5318425097917325,activity1,0
240,0.31281487223885485,-0.30338475739661597,12.21683745394599,activity1,0
241,1.5136409283560117,19.602508945205628,4.673265053832374,activity1,0
242,2.835597112065222,4.604714413913394,7.303569813776489,activity1,0
243,2.0110456029913584,3.185438688372687,1.8071940444187105,activity1,0
244,1.954935154764389,0.3505649361208363,2.448512399885632,activity1,0
245,-4.8800190316498835,-1.866046804204231,3.529794275786369,activity1,0
246,9.2616578239156,3.505279074860178,10.630384294113739,activity1,0
247,8.898092960184105,-1.5886067824426187,3.571079187960578,activity1,0
248,-0.5668212960210139,-4.371638284098608,1.296692301608667,activity1,0
249,-3.83212163901257,-4.67716004605119,4.852485928316661,activity1,0
250,6.105324382263793,12.021569941567357,-1.8737100114435083,activity1,0
251,0.6210601509346692,0.19115093066477984,-3.213252483208814,activity1,0
252,4.209765816603898,-4.799584757294573,2.641559822427437,activity1,0
253,1.903357914274524,1.833045569180428,-2.7224131101274525,activity1,0
254,6.957693755350933,6.888806873878555,-0.9872254905617739,activity1,0
255,6.97374571828003,3.4476623775720654,3.363478217624508,activity1,0
256,-0.1279868923179217,-2.16160808252803,10.242593755109997,activity1,0
257,-3.4168197769752773,3.0477976858961657,2.1051676925169556,activity1,0
258,-4.414691986675409,0.5604470368991472,8.625852360564556,activity1,0
259,6.551896895536026,8.638049972372492,4.090440854924092,activity1,0
260,-2.4442962889201443,10.810844224607003,1.6105973790325656,activity1,0
261,0.9659182285065624,4.726186725423024,2.429369910034708,activity1,0
262,0.5184298077474594,-5.7844688418462145,5.539202434246074,activity1,0
263,3.2371635186522685,2.4623623306359876,5.086850203332747,activity1,0
264,-6.181399029232535,3.96227106163351,5.348192892622643,activity1,0
265,4.443892983969143,0.7827784346471343,-14.259276364375797,activity1,0
266,6.119455119171028,0.992000589699606,3.37514140129737,activity1,0
267,3.942110435223307,5.429113610552601,8.607709394701526,activity1,0
268,1.9455691415076415,6.444276185284513,6.558286866025771,activity1,0
269,3.987000831343917,9.293198496280862,-0.8678041589514374,activity1,0
270,5.49523172820065,-0.2375852997572161,13.079018287665903,activity1,0
271,-10.362963782133251,2.2826868259491144,8.879078086258524,activity1,0
272,13.279561541253472,2.8446833825843054,8.703775278618435,activity1,0
273,5.450466613439632,4.833783938999762,2.868597507009411,activity1,0
274,0.2379570880649,6.129877618510893,2.692409578630489,activity1,0
275,1.5452331240619945,4.060612040471007,-2.0126685765025574,activity1,0
276,5.968708886745942,0.8336019020295709,7.084825716320282,activity1,0
277,2.9194803048281672,7.703974760850992,13.05721031144471,activity1,0
278,-6.653422338907472,8.744355947275944,-0.08759056187175185,activity1,0
279,13.822464306796597,11.574854694955697,2.0806947277361787,activity1,0
280,2.9472967138376367,8.159198588126044,4.407652219650881,activity1,0
281,8.600863558578999,-7.856216231307393,3.7549902441084537,activity1,0
282,0.03975076107804432,-0.19112493229360883,4.300500913976527,activity1,0
283,11.181885271228989,3.7366453959751125,10.103010904541977,activity1,0
284,4.9317184444613975,4.428459656186272,-6.537373883333078,activity1,0
285,6.544219172377254,-3.029086052128533,9.202559870430765,activity1,0
286,-1.7262668307347742,-0.032116662621818115,8.887333426004371,activity1,0
287,9.555726448413505,2.604060325841349,1.9949154048846665,activity1,0
288,6.949090822673941,6.019273551805528,3.4206574151537463,activity1,0
289,10.009231147824991,0.36847684141844805,4.974562080758686,activity1,0
290,0.3595622017921052,3.358589333750194,-1.0777457135464559,activity1,0
291,1.0948644076960612,-0.0774958141964035,3.755647696368621,activity1,0
292,15.019583488419709,5.93920609889074,-1.0918471040428503,activity1,0
293,-1.8000791136077368,3.078296039750509,5.5297501780615965,activity1,0
294,2.820251496608396,12.368947459429135,-1.423895374695654,activity1,0
295,9.184456813013476,1.283025320144712,1.9681799917329919,activity1,0
296,3.988624838574278,-1.9103625669394209,4.884279153145172,activity1,0
297,6.414768398766467,0.9364567217117528,6.899576131560753,activity1,0
298,1.5027548536856241,1.269881273887949,4.187189947551055,activity1,0
299,5.350279439237594,12.950070617098469,-5.384085978880552,activity1,0
300,0.4673657413234169,13.686887106814673,12.229469111310818,activity1,0
301,11.79065339809094,5.019823773392733,-4.001975367356924,activity1,0
302,2.9091797743571512,2.9356053620704223,4.929790673923836,activity1,0
303,0.0991089800157483,-7.557480716508067,5.7283888773301435,activity1,0
304,6.831915410159572,-0.32990255258299106,17.05773546780089,activity1,0
305,1.1964010630572335,3.560802161915474,3.65817044998136,activity1,0
306,-3.171292357013767,0.7231966356764961,3.618791022679696,activity1,0
307,-3.2335875289877762,12.777712003428553,10.429709971429695,activity1,0
308,6.968865763450663,8.089773030253163,2.4497149208191447,activity1,0
309,2.7021328092686656,4.676204936044021,6.128239143225023,activity1,0
310,2.831492201657804,7.7922912529738175,3.037124430473229,activity1,0
311,8.888719029881313,-2.375894928147261,-3.783236268915921,activity1,0
312,-2.1341290437837177,11.621042303561632,11.537043777403074,activity1,0
313,-0.15338876432412407,14.885386752205669,1.4389392132458618,activity1,0
314,1.5756009540936227,2.5975625157364695,-0.5004890176133854,activity1,0
315,3.97175794658537,6.295376883869819,1.085497812695683,activity1,0
316,3.2891427435471052,2.5036288300176173,7.062439712913788,activity1,0
317,2.0655640380504616,0.7730117920249788,14.149579058055213,activity1,0
318,3.191867989521763,6.379756924606691,3.3701550935103404,activity1,0
319,2.9634736185441266,9.326190892423822,2.162615232162631,activity1,0
320,-0.09802194275896436,11.93607790017926,0.8695057262718056,activity1,0
321,-0.5649649427703869,12.897308254622963,2.7278953424249512,activity1,0
322,4.872581788619698,-2.4615640448396077,7.8097913300668305,activity1,0
323,-0.95457541497764,1.7723470800657828,4.21637801751205,activity1,0
324,-2.286776295954268,3.0369506859476214,9.477375698830201,activity1,0
325,1.9385387443715334,3.649060979714143,1.464237447357176,activity1,0
326,2.7116649191809206,-7.670382016511034,-2.1672117086343077,activity1,0
327,14.783617486491046,3.435769321249774,2.5860282334663394,activity1,0
328,-0.02350137928116869,12.40499838376304,2.913635776247947,activity1,0
329,8.216303624847473,-5.349028725787148,4.214533195592251,activity1,0
330,7.235941671023159,2.6711976157294575,0.3718715204473164,activity1,0
331,-2.4447247760186803,2.0187309151758486,-2.266321267200607,activity1,0
332,7.366264887012998,5.492242477019537,-0.01748777735550444,activity1,0
333,-2.4194032009665882,2.107730582154814,6.340338889141868,activity1,0
334,-9.795861189983704,-0.3287037951082006,4.944353690807228,activity1,0
335,6.531597621796903,6.440514923103176,4.378191811211468,activity1,0
336,-5.279452917188596,3.365744035836709,6.401980689101128,activity1,0
337,5.754672309029575,9.745938813892963,0.935340034523064,activity1,0
338,0.07994551131391692,6.484542939845271,3.5748986151892685,activity1,0
339,11.797753980949361,7.526795730489185,8.058240282394918,activity1,0
340,8.842546996580046,9.625438011973804,2.9624537964215403,activity1,0
341,1.2330709807430615,-4.827409278984195,15.118142675579497,activity1,0
342,0.06081194485658825,7.2292752245237475,-2.410603540596119,activity1,0
343,-2.5703870154706028,4.38359193440696,10.180358703439015,activity1,0
344,1.295386838537043,-1.6474700172400736,6.390873497108469,activity1,0
345,2.0982225240774546,1.9764934786411499,4.938597096017648,activity1,0
346,1.676532278041573,-0.674033033873358,5.7943853041851305,activity1,0
347,4.28351927636182,0.7593877739502153,2.841647208340836,activity1,0
348,6.392607488644392,2.3622908243794996,3.525232820396548,activity1,0
349,5.24827228496587,1.5400083846730501,6.155906148237763,activity1,0
350,-0.3207196195322153,12.268819563120422,-0.19342252840790408,activity1,0
351,-3.688957369007892,1.2255735280149933,11.751849285726205,activity1,0
352,10.322659240512357,2.4879256625558326,7.931409699320813,activity1,0
353,0.05275407725031167,-0.47890325946206147,9.844706359116746,activity1,0
354,0.2385320003249043,7.2751114368046625,10.975276579818823,activity1,0
355,0.8940534384944456,6.241599754041514,3.8522622945324962,activity1,0
356,-5.715347750783243,0.47999889621494063,8.054566855054514,activity1,0
357,1.1101299797975668,-1.8711548935951576,3.9732422665983522,activity1,0
358,1.101720929960262,2.3301305550583025,-1.748935826825142,activity1,0
359,6.601791491717563,-0.15634006591060068,7.43359769113531,activity1,0
360,6.99228574553668,6.515736495431527,4.595697336242752,activity1,0
361,3.5188544454313466,-6.045423971051937,7.575123692339024,activity1,0
362,8.159241870571519,1.177653639305968,3.8152902952364975,activity1,0
363,5.19982491900631,12.563504617943307,4.002198935824511,activity1,0
364,3.4215894419872264,6.363534441382824,10.981002202724694,activity1,0
365,4.304640841491115,-2.153652403718757,5.409483234104378,activity1,0
366,2.546732532093003,2.4368296727405103,1.8915391829069854,activity1,0
367,1.5257524298327485,8.070933241806584,11.616223794039463,activity1,0
368,2.161332315530168,8.644632126369476,5.816369758941461,activity1,0
369,-2.1400566573500344,-1.1682703988630756,5.239871578225353,activity1,0
370,4.90220852658148,8.342918607511718,4.927380859577778,activity1,0
371,-1.4656180546479032,1.2658721912902813,3.952689383004563,activity1,0
372,7.708156320368182,-3.077646431669729,3.539424700858498,activity1,0
373,2.2527070991952556,8.332328825448794,9.209102500870308,activity1,0
374,3.747474908250454,2.8470366562307836,2.4679508380951938,activity1,0
375,5.969183881404781,2.7950129260550005,4.232030838778801,activity1,0
376,6.716572325314639,2.111022380262826,2.6898791748163475,activity1,0
377,-4.353117043167264,4.467427541455907,-2.0928422102784516,activity1,0
378,2.4654816191801414,4.895246992434693,3.7755164519472277,activity1,0
379,7.900894560403911,-1.9135878385284366,3.9779727239024383,activity1,0
380,-4.9905290971612715,0.41381391643138876,4.457491001770625,activity1,0
381,5.436402376975317,-1.0314700665102245,2.2774850023078947,activity1,0
382,-7.777821147010947,11.624738494766385,8.886952858036437,activity1,0
383,-1.612534218178018,-0.6194515139448669,7.3859237202041985,activity1,0
384,3.6931527592009403,6.787224357299632,-6.513476181418255,activity1,0
385,-4.783575511609769,10.169509681712622,-3.4396836506697035,activity1,0
386,-1.427553688420753,-0.19810754709789435,12.584072489595206,activity1,0
387,-3.859175037317934,3.6768699305613963,-3.2207111882349126,activity1,0
388,11.740674661037797,-1.2903249910688848,2.5453498065280167,activity1,0
389,4.321138777436669,2.9593370506106935,2.231210248663607,activity1,0
390,6.336451389263347,0.8730970674792786,1.3332132972714956,activity1,0
391,2.3866244974242274,7.699999732360097,0.9781409710361713,activity1,0
392,1.7328412562140048,0.39830598363938385,-2.4671144085294117,activity1,0
393,-4.582370943255162,2.8235683458165637,7.941781834441238,activity1,0
394,2.040813186260686,12.789405727859615,10.398371887056923,activity1,0
395,-0.3074610590581166,-1.490688335182619,-0.5291811259058417,activity1,0
396,7.789619621461681,10.103390689970347,6.651437015014225,activity1,0
397,9.205509333287868,3.436799196118769,-3.7814752534484395,activity1,0
398,10.832893577870887,6.284919644872447,2.2934553124219494,activity1,0
399,7.76275969730616,2.8648760608639963,-2.1195047836700347,activity1,0
400,0.006730315385069741,5.440217278224907,-1.217140925408403,activity2,0
401,-6.079484929801972,2.2871513157752528,-3.5555943835118002,activity2,0
402,3.3333159082254302,-2.7738349316133393,-2.1071075442923957,activity2,0
403,1.2814640873614445,-3.5363362262886158,8.453323099364594,activity2,0
404,-9.342692253385154,-5.837154218836842,-1.976931601346847,activity2,0
405,1.2774089637188453,-3.011527920165652,-5.998043975519065,activity2,0
406,3.572599112439331,-2.928642226461614,-0.6400062713006083,activity2,0
407,-0.20537205409185022,-0.9596086934963814,7.09795328951518,activity2,0
408,-1.4252683550467076,-5.311799848054691,1.692884960202158,activity2,0
409,-4.538242438081778,-0.5176479508371785,-0.8578050063475087,activity2,0
410,-7.73267349781694,-0.8794669097008949,-6.607835105587839,activity2,0
411,3.5014897467001376,-0.03336913878202585,-6.275516120851563,activity2,0
412,-2.045572223858544,5.6406501766970845,-3.063015393384644,activity2,0
413,-1.6673333077184633,-0.5892767466488595,2.039914793220288,activity2,0
414,8.163605934595665,-2.8602247051299177,-8.493935010648954,activity2,0
415,2.922505534295952,0.6070698517946957,2.7035385616673,activity2,0
416,1.3541250064055104,6.734302337109333,5.632039651055031,activity2,0
417,0.21030902593617817,1.653001001106742,-3.2606434622424434,activity2,0
418,7.099974303828864,4.8386657576147964,2.191577245232573,activity2,0
419,8.097946537080972,-8.620466091750227,4.282636328447083,activity2,0
420,4.147525557397641,-6.436429334440854,-6.251249923308857,activity2,0
421,2.4111229569896215,-6.031737228224766,1.7985237285316087,activity2,0
422,-10.973015356030723,5.446641325065131,1.1302443614942888,activity2,0
423,0.11860957116753301,-7.204986105137145,-13.277265610544408,activity2,0
424,-1.15053477096852,3.253762462103727,-0.23042247875124988,activity2,0
425,-0.030233853072156425,0.5722988410007097,4.480743333999559,activity2,0
426,4.215230436612589,1.0843538484876376,-12.447229920876017,activity2,0
427,-14.198385835947782,5.761345179876746,-2.0208323453981145,activity2,0
428,-3.3465602673509256,4.322193225904937,-1.8418656268072513,activity2,0
429,0.8495217747038069,10.151761954824458,-4.952849181222072,activity2,0
430,-2.8342277302638124,-4.316150171281385,-0.9723627157395076,activity2,0
431,-7.584530565631297,8.47780387110737,2.302866995270321,activity2,0
432,3.8448174344839767,-2.2430937453149022,3.21549261027772,activity2,0
433,0.8843595292306401,-2.4297334062940426,-3.5851067868258113,activity2,0
434,-5.355522852222423,0.9125923505303115,6.80938746967076,activity2,0
435,1.074086022579119,-5.952430354007173,-2.9483505068921065,activity2,0
436,3.607928560248979,0.7398895063125743,-8.887500151231544,activity2,0
437,-0.4735367685031957,-2.004909041225267,4.138334310544804,activity2,0
438,3.5028240171549836,1.7430175034695572,-2.1751461514124006,activity2,0
439,-0.10869912419169325,4.275796192780093,-1.939217636706366,activity2,0
440,-2.4761449132717717,6.784108798590867,0.7498802697057596,activity2,0
441,-6.297102581999565,-3.7398378941249906,-4.668399639815032,activity2,0
442,-0.9296538348580636,-2.3567532105302647,4.847853734089897,activity2,0
443,0.4714646902288582,4.5841048268492095,-4.879879707115111,activity2,0
444,3.8791638079366546,5.504596815976568,3.902457033757746,activity2,0
445,-1.0755373424361334,4.900485567447262,-2.706896016954846,activity2,0
446,1.787078031104954,-2.4707421503665636,-7.738557347507484,activity2,0
447,-5.323060068668642,-1.0099475095544985,1.103559227812025,activity2,0
448,-4.413145779137626,-12.365613457889632,-3.8300582249621664,activity2,0
449,-1.0519464951344388,-2.2620477766733575,-0.5198988750357136,activity2,0
450,-5.7731423199250695,-5.8559758452961255,0.7980241142747939,activity2,0
451,3.601239186623406,2.2769154879508555,-7.494266036777773,activity2,0
452,1.8156516465930355,-9.045335460846333,-0.3913664742286518,activity2,0
453,0.8954788219622671,-3.9359893318265584,-2.08291165484305,activity2,0
454,1.1945206260797228,-0.18817950760725277,6.552298953559786,activity2,0
455,9.605217807423987,-0.29581033983010885,-4.794830164573073,activity2,0
456,-2.8443209398339784,1.6843838940355225,1.4115222434737076,activity2,0
457,-11.507206427502789,-5.2370234109516,2.0586630043663154,activity2,0
458,0.49650098448232605,6.000651340830451,2.399519994106666,activity2,0
459,-0.7530177048083293,5.293859361196455,-4.482603641088698,activity2,0
460,-3.0875952125520163,1.9942861662092692,-5.8970684881892765,activity2,0
461,-5.39414929679385,0.6405440646492628,-3.230347665293775,activity2,0
462,-2.695947609010739,-3.550968308134281,-7.699615239439035,activity2,0
463,0.4066921460891064,-9.621025234856956,4.186704952204207,activity2,0
464,-3.0140835032126914,-0.7205107364925589,-3.624532740391759,activity2,0
465,11.562268397718743,11.740883339940487,-4.163304607337149,activity2,0
466,-5.30252190816574,4.165057698176093,8.176423369868097,activity2,0
467,-4.4655868135383585,-1.265752626169173,-4.01951134443795,activity2,0
468,-11.943100200072642,-0.28461726996744896,-4.809605440341161,activity2,0
469,0.757422075107685,6.5653401147327335,0.8877282316011239,activity2,0
470,-10.582033138998801,5.158985387205141,8.648940612747314,activity2,0
471,-3.197273166872507,-4.919439680566388,-7.252319765690695,activity2,0
472,-1.8783526728027846,-2.820580766600229,0.3394850005645802,activity2,0
473,-4.048639829234441,3.7008016258667116,7.794115175370996,activity2,0
474,8.194363387272555,-1.1803605304709928,-7.863353675511135,activity2,0
475,4.4719719565774945,3.2757047270426862,0.7064998298671354,activity2,0
476,6.095684381507878,4.474887801513779,-0.9419698740578064,activity2,0
477,-4.912094092749593,-8.312211082105248,3.7768374756643786,activity2,0
478,5.142970322572842,-2.180036602426087,-6.301052831019512,activity2,0
479,1.980004731719811,0.7913742033295303,-0.8356886659600766,activity2,0
480,3.3570297433842278,2.511386532649883,0.582453240976333,activity2,0
481,4.647194143913836,0.39211677108649035,-10.46590488609671,activity2,0
482,-5.043816229795265,3.1345352270068867,-0.4733717616690143,activity2,0
483,-2.6215881048895078,4.744287558978233,-1.7206909568704467,activity2,0
484,3.812980056642256,-2.3105343932995943,8.21098872536776,activity2,0
485,-13.778095464874664,2.8722396342630896,0.8081428538542257,activity2,0
486,7.066640412866025,-2.8932792367324387,2.5635989807013115,activity2,0
487,2.26566032103792,-1.6672965108807447,-3.9200966688889105,activity2,0
488,-0.7285198033011744,1.5355337141376357,-2.4630477531079116,activity2,0
489,0.6025382787858664,0.9195947376199771,1.9791944997580018,activity2,0
490,-5.6496764165448825,3.3690040739872718,-2.578756102778595,activity2,0
491,-2.2497168229455236,1.567139881821424,-9.510216091347905,activity2,0
492,5.001421691101869,-1.1600634633088696,2.174325274775917,activity2,0
493,5.990109861631106,4.912863859027331,-2.729851304797103,activity2,0
494,12.981120262817898,-4.587501851909307,-5.566050376356106,activity2,0
495,-0.8696233314020758,6.743007570448418,7.591993856358252,activity2,0
496,-3.792764834025019,4.926887522336125,8.956154131282037,activity2,0
497,-3.0711698296999437,-1.6790688773908364,6.68239712207112,activity2,0
498,-5.590209376436824,-8.794737375575723,1.975595737174776,activity2,0
499,-0.8892737797042538,5.089317837533098,1.0151733126721827,activity2,0
500,1.9136621500613407,5.3549550162860555,3.0192924485924406,activity1,0
501,0.3287885973402307,-1.4149754264750982,3.737785406434326,activity1,0
502,5.9817342283289925,-0.49058768934327257,-0.517753205242498,activity1,0
503,-0.6710790067226826,-6.4940498511889295,2.891015327189022,activity1,0
504,-1.2372532624928163,0.18067816257832403,4.710700250471235,activity1,0
505,-2.406342384301626,-0.07397629435943864,8.860479849161582,activity1,0
506,-7.6631726311724755,-1.4156002728526675,-3.7828196251166935,activity1,0
507,-7.33883862154227,-3.92850185634798,-1.9978229558534721,activity1,0
508,-5.395789653188439,-3.6483971680120924,0.10590562528315273,activity1,0
509,7.007140358323804,7.765269535189411,13.59549914196709,activity1,0
510,4.976301364449649,-7.755817333946151,0.5863828497802408,activity1,0
511,7.3748203319649495,-12.327133349936055,4.515150769612787,activity1,0
512,-6.161058272972509,-5.126133326514373,10.104839736052801,activity1,0
513,-9.3431234489301,2.2362801320756316,3.521344829980544,activity1,0
514,-2.8002816006704143,5.390480748391625,-7.614852393731308,activity1,0
515,1.37909476648014,-3.457498615231268,-7.199047728977809,activity1,0
516,2.993451374549137,10.238968953295103,6.579525808460691,activity1,0
517,5.739860779840264,2.2904363767638114,0.2543120859254233,activity1,0
518,1.9213983540360733,1.0590703047753816,3.8507880361006652,activity1,0
519,9.213343903278156,-0.9023473502907553,-9.893024091112775,activity1,0
520,-0.6130284047416024,2.805114347566523,1.6984342315769032,activity1,0
521,-4.065396090208981,3.511809627436106,-0.33172351945562717,activity1,0
522,-7.906091077472167,-2.167816728320246,2.9368756497189885,activity1,0
523,-3.9448567904772496,0.7712387920073889,8.817744833165037,activity1,0
524,1.7105898049256147,-8.33243057442041,-3.094056765710443,activity1,0
525,-3.9436012867681542,0.24596166316532253,-11.479564812834296,activity1,0
526,5.183712317676286,10.475447589604304,9.163603766175507,activity1,0
527,7.561638530187215,8.336428828716446,-2.1748072745140723,activity1,0
528,-11.347934526133015,7.676628023300685,0.13551665159496395,activity1,0
529,4.82026150248824,-2.4543827144337516,-0.9743014471860687,activity1,0
530,-10.698020293308684,-5.5403580960739225,-6.887110749004163,activity1,0
531,2.5074952754514372,-2.8762031245371693,2.9172213061117915,activity1,0
532,6.624352820968298,-3.3417626904529296,2.340704203118236,activity1,0
533,0.8242805317178807,1.7031082986687691,5.411817985381069,activity1,0
534,-5.898445866021198,-3.823451954602099,3.3203164299999175,activity1,0
535,-2.427156021388863,-7.676278191910649,0.24726889304509037,activity1,0
536,-0.8082272285545036,9.439922179387752,2.0180815727889163,activity1,0
537,-0.41122391894971466,2.38808299423739,5.380392482174134,activity1,0
538,-0.5144842038333353,8.352228998339989,-0.5264821165774611,activity1,0
539,-0.049413896546568914,-6.733117294160695,0.8019487101815068,activity1,0
540,1.5674002445508446,4.712529581452977,0.3861321635986885,activity1,0
541,-5.542868268666107,-5.506978722974059,2.780413011883037,activity1,0
542,-0.7100991493510975,-1.2347054027890672,-3.2396825606739723,activity1,0
543,8.091305851778527,-3.330195673874681,2.6932264827886865,activity1,0
544,-1.4232271157125889,-2.6731341509675564,8.383870460720022,activity1,0
545,-1.719180465775989,8.779992586670797,6.813417491962909,activity1,0
546,5.890986518571189,-2.6167518083965478,3.3260787311607682,activity1,0
547,-12.295923331720482,2.953783148410353,8.137948249348987,activity1,0
548,6.406893006441429,4.723942627718414,0.5730446921472705,activity1,0
549,-2.6595187900258366,-4.406743237913521,-3.6528344773337,activity1,0
550,1.319642862262933,-6.7290574450986025,0.25351106713699934,activity1,0
551,0.981606779605984,3.668655125064997,-1.6263964172089098,activity1,0
552,5.212340596101969,-2.280714166971907,6.681324505016894,activity1,0
553,-0.8379737311767383,-2.032842906383112,0.9374333304580804,activity1,0
554,-2.890128907822252,1.0510342056999695,2.6132200843786206,activity1,0
555,6.989228953255495,-2.050695951491051,0.8619041092657929,activity1,0
556,-11.320869085705901,-5.474119794128328,0.037192166294157225,activity1,0
557,0.6016709085262164,4.2205499787585214,-2.260770733085023,activity1,0
558,-6.239627113145602,0.9285580038776158,-2.182355429806419,activity1,0
559,-3.3078669412827946,0.757991312405343,-2.035277915282931,activity1,0
560,10.556283407315686,6.241659760188965,1.0609827341342304,activity1,0
561,0.27702286772071494,4.402436803052334,-5.149108513061475,activity1,0
562,1.4753484857569061,3.20989012435777,-3.1858134097106725,activity1,0
563,-8.407814278527956,6.594210008530929,4.966335117215977,activity1,0
564,-3.1452232939734786,10.884704710967508,-2.818790693317706,activity1,0
565,1.4827870036439244,-11.931371427847676,2.778993315095388,activity1,0
566,2.2737884655660903,-1.6118595485380856,-2.6985018528138194,activity1,0
567,3.5844327719663944,5.549864798337955,-1.0216714629475747,activity1,0
568,0.5431394945878818,-3.263156035737876,-5.492509800460542,activity1,0
569,3.135021042273298,0.9050800249775728,-2.034596903257899,activity1,0
570,2.76890956317842,3.308105076095556,3.409359009825602,activity1,0
571,-8.648702055022657,-1.5636659241726036,5.356545847276239,activity1,0
572,0.6850286095507476,1.1626363957587627,-2.4888738947709785,activity1,0
573,4.339512038663519,-2.1192326699231563,0.5731242843038342,activity1,0
574,3.4493991036725973,-1.4132909603560457,-11.958698394838049,activity1,0
575,-1.3192940498539496,0.8159138097359886,-9.971873056573735,activity1,0
576,-3.5281325376968393,1.7926942719428176,6.73697817051781,activity1,0
577,-5.091559621608161,-4.710038532440033,-9.356457260773478,activity1,0
578,-0.1552700577070616,-1.9318435147946378,-6.386635382503812,activity1,0
579,6.165399397798609,0.693625341346749,1.4037285190169957,activity1,0
580,-9.25902050740801,-1.5941157887614001,6.877435587799662,activity1,0
581,-2.79945864864749,0.5702529613922769,-2.742522119092656,activity1,0
582,-5.19901227713387,-4.493516865633066,13.233096437237826,activity1,0
583,4.4247876062025,-3.5949161201369586,-6.206095102532371,activity1,0
584,-2.2715481328565046,1.6092241093398356,1.4807670940794444,activity1,0
585,-1.8531882907739572,-2.212064070252561,9.182252351583209,activity1,0
586,-0.584747849683245,-7.228848422930956,1.192105568377685,activity1,0
587,2.7269662544739868,-1.6730439183821106,-0.5821505903070001,activity1,0
588,-1.4619449907481836,2.627739363380141,7.670105053104191,activity1,0
589,-14.730715273999634,-0.698489556415332,-5.337438497212711,activity1,0
590,3.216559456937598,-7.626077192158245,11.902507892463639,activity1,0
591,2.6952147883602127,2.155455241603018,4.135928144500323,activity1,0
592,-0.5977051416560664,-11.310722811744977,-7.70293661952689,activity1,0
593,-4.920183103359673,1.7601228308358525,-8.306878744543637,activity1,0
594,2.258900553406791,-0.6375830745036044,6.73905586196884,activity1,0
595,2.396177667677934,2.148542241304616,-3.033223578844489,activity1,0
596,-1.8501644135043738,5.245877885292507,2.7811106541837587,activity1,0
597,-0.5836573528776932,0.48557100019865507,5.553112687279031,activity1,0
598,-4.150782512621606,2.4793859202158544,3.644605322936971,activity1,0
599,-0.3929454604366458,-1.4043641476896223,-0.7725619769754302,activity1,0
600,-10.752146725417404,-6.607705455191834,1.037784880328104,activity2,0
601,-1.4134058948408228,1.3101754907214005,1.46673543184348,activity2,0
602,-8.221842454121468,-8.315093212675034,-7.045509155679658,activity2,0
603,-2.309484260838439,-5.7167716245702564,8.896523868693754,activity2,0
604,-10.529814581339497,2.990899570009975,-4.029223688928525,activity2,0
605,-6.450288229347699,-3.246813850707517,3.813063609302027,activity2,0
606,-4.05244702532964,3.1011079943176476,-9.256260203723802,activity2,0
607,-11.803499059346317,-3.568908967033389,7.909997843379978,activity2,0
608,-2.9242606342995394,-14.293004209760692,-2.509545799084925,activity2,0
609,-5.395737814399614,-4.925575434891798,-13.695986393056293,activity2,0
610,-12.211780989046153,1.8467993923276556,-1.188278234670713,activity2,0
611,-10.016213770561578,-5.938973248548955,-5.764076985265465,activity2,0
612,-0.4743995795891669,1.7871700325444966,-5.01738583480934,activity2,0
613,0.9777799277566199,-6.052878743948097,-0.3734746052625013,activity2,0
614,-4.1595431988998355,-6.415001687761762,-8.480344263412395,activity2,0
615,-1.4761909397975126,5.63091231823033,-2.5756182489779724,activity2,0
616,-2.3807821834354463,-9.788748952827659,-2.5038486182915975,activity2,0
617,-1.8518850893613097,8.692009085499926,3.484961992367575,activity2,0
618,2.929920035401465,-9.954079415704875,-14.439903734828416,activity2,0
619,-11.03499199107136,-9.776039989210352,-21.129449060367378,activity2,0
620,-0.11769633819188385,-8.85435504477465,-5.250063789468902,activity2,0
621,-5.410044777889102,-1.7206222026705353,-2.6959301598087917,activity2,0
622,-4.621294671258202,7.851382650822563,-0.544487752363854,activity2,0
623,-5.01124865227535,4.639805994765668,-0.01027740574954672,activity2,0
624,-5.375735583306419,1.1357130978971348,-5.547048926707472,activity2,0
625,-9.630980958915096,-1.402948238902253,-2.968598580767475,activity2,0
626,-2.583304003711994,-0.0015723351343246428,4.184051276915373,activity2,0
627,4.854715163944286,-2.1175362349204088,-9.595630490546274,activity2,0
628,-3.7806651022437854,-3.1995421226708696,-4.204000065763202,activity2,0
629,-3.5069252136754785,-4.859916568034938,-5.362907977146804,activity2,0
630,-6.9364951857833175,-3.608332357500486,-8.71087626197664,activity2,0
631,-4.087372732090557,-8.908872373246618,-4.0309581903600185,activity2,0
632,-1.1691678698298462,-2.050988875017603,-12.611614642542307,activity2,0
633,-5.3512122035217145,-7.479273105620326,-0.038706546934545116,activity2,0
634,-5.769020205260006,-6.27156320085338,-3.2668993063023053,activity2,0
635,-1.483677299183766,-3.2061770128140585,6.62274657735146,activity2,0
636,-8.090023849095228,-2.463196153265107,5.702096255297459,activity2,0
637,-2.237516864615638,4.6935949602345275,-6.158149154627158,activity2,0
638,0.6016089863071086,1.2817361479491005,5.519385808860342,activity2,0
639,3.299742708397422,-4.072389215407721,-8.445929137791204,activity2,0
640,-3.951910036384734,-1.4581281643105624,-7.436017301345592,activity2,0
641,3.3379861990335673,-1.937223274154773,-8.30089554209784,activity2,0
642,1.67204943240759,-3.7218582506234723,4.285979059654524,activity2,0
643,-8.481063201855331,-10.739101776176575,-3.525834025961171,activity2,0
644,-9.589692557965755,-10.76443322775877,4.505923312172953,activity2,0
645,-5.024818189272102,-8.749026157418013,-4.232646190259455,activity2,0
646,1.644677462974271,-8.884412109836045,2.580328427063159,activity2,0
647,-3.8614350378000246,-8.408953935568334,-1.3181630597865865,activity2,0
648,-6.503287788288942,1.528736981192285,-3.33934245362886,activity2,0
649,4.261215900242804,7.369881749194882,0.14528592799606077,activity2,0
650,-2.065477559983268,-4.353114979031766,-6.349984645092816,activity2,0
651,-15.102971378953708,-5.486712779440502,-4.422406893392357,activity2,0
652,-1.9141968685365562,-7.553034021023153,-3.946767844419551,activity2,0
653,-0.899796927145661,-5.0588131934149665,-1.2385160795355947,activity2,0
654,-2.371956727644481,5.192985438317695,3.834769762632634,activity2,0
655,-1.2514394988400372,-1.1818533900077788,-4.7611193838617725,activity2,0
656,-3.8363780446149085,-5.4622059250021255,-1.1694936973749859,activity2,0
657,-10.09197934822367,-6.286764608695353,3.7164902228310277,activity2,0
658,-5.353520016102268,-10.063950587199109,-17.21724787897704,activity2,0
659,-8.228078977781458,-3.7502650743733668,-1.5662241027721202,activity2,0
660,-8.16370455397189,-5.159410131853795,-13.56615034069312,activity2,0
661,-9.815341745511377,-0.30233099876740166,4.933105979413755,activity2,0
662,-1.2375545368017682,-2.9379037259638037,0.25362293705511485,activity2,0
663,-3.0105192729368646,4.5942679269786915,1.5862805600956325,activity2,0
664,-5.74082681340354,4.487569030680532,-4.743929709889627,activity2,0
665,-6.74668963865194,0.36569146270633013,0.29284296364296836,activity2,0
666,-3.617115525107261,-2.846563728858379,-0.6220335724949022,activity2,0
667,1.8959736405624454,-10.117800936919156,2.6762290970517544,activity2,0
668,-13.521078577494576,-5.861123375788232,0.9891252076883745,activity2,0
669,-1.6156173957455362,-4.992991601881867,2.98335795753753,activity2,0
670,-6.228559870088912,-5.698741554039997,-6.785907671229422,activity2,0
671,-12.922929224897238,1.0142945744103349,3.8359038726415973,activity2,0
672,-13.228515415819794,0.34271105420566617,0.4266038302545696,activity2,0
673,-8.063917470676458,1.1152144248526863,-1.6217597847835385,activity2,0
674,-2.402452221034774,4.921400920864487,-0.4026431608238048,activity2,0
675,-1.534685330099542,3.709038965165428,-1.8635812731232804,activity2,0
676,-8.194907863388927,-16.065572627977946,-5.338157693502741,activity2,0
677,1.585104957066223,-1.4568807781557305,-3.633835250193846,activity2,0
678,3.6149174825805304,-3.172149156342197,-4.7043406903879,activity2,0
679,-1.519567075217199,-5.16043355730585,-7.234260787118934,activity2,0
680,-6.457013339040554,5.233390812270837,-0.3798302416969874,activity2,0
681,2.122095922551841,-1.6329146831706445,7.426239149891405,activity2,0
682,0.27697847831669176,-4.8641459254738635,2.107199071981638,activity2,0
683,0.83703705677459,-11.508926473776617,6.500632432945274,activity2,0
684,-6.782318374857658,0.009480284125708671,-11.36644314874433,activity2,0
685,-17.672772526373514,-1.1979413053761618,-3.5919113699761174,activity2,0
686,7.083955107418376,8.341783877203769,-7.54351459748151,activity2,0
687,-11.554392017249668,-1.008784412961095,1.2488111692871788,activity2,0
688,-3.6788403593011054,-5.312508134904633,-8.87221985739259,activity2,0
689,8.403726756098752,-12.20115297533472,1.4522244507295188,activity2,0
690,-1.84711621862813,-9.302423430016827,3.8685823877344436,activity2,0
691,1.246232367791178,-3.562171359031557,-2.933428745842952,activity2,0
692,-11.011982846908563,-3.885562676124965,-1.6360979639885453,activity2,0
693,-12.388334773668532,2.8145823589079164,-6.009420675154102,activity2,0
694,-6.163513959897772,-2.3223597525683646,-0.08348520114643687,activity2,0
695,1.9537486721725,-8.799821419753322,-1.8992620631920232,activity2,0
696,-5.23124723823655,-10.751840435757897,-2.2858426649198225,activity2,0
697,-7.473181605357494,-2.515597853717805,-7.518590127656062,activity2,0
698,-2.5101635502751627,-5.3729095721742794,-2.358686226700141,activity2,0
699,1.9096760923863263,-6.926124450734862,-6.7871291306652335,activity2,0
700,-14.22470099536686,2.0069071692284055,2.393361592934479,activity2,0
701,-9.552714970616758,-1.034535071246836,-7.139751324131636,activity2,0
702,-7.443346272546831,0.2417804679954476,-0.8816886792742666,activity2,0
703,1.9731918735604568,7.420294816553049,-1.6393777986420168,activity2,0
704,-2.3258923702563408,-3.084786173178137,0.34008101629973986,activity2,0
705,7.1607670528522185,-6.866298107037778,0.1450393968060908,activity2,0
706,1.1822286291555795,1.6078575923354403,-11.724246870231749,activity2,0
707,-3.675475884348352,-6.343385406942657,-10.277515628839613,activity2,0
708,2.82538919044383,0.7122135289017084,-8.260125353238394,activity2,0
709,-2.44251493634061,-13.370155711810643,0.12914077142427427,activity2,0
710,-7.024606762537225,-0.005493644104013207,-4.747716211076761,activity2,0
711,-0.10012577877448825,-3.343568607131072,-5.171862238381383,activity2,0
712,-6.981633269305414,5.160489694617567,-4.0179298237121035,activity2,0
713,-4.9519855040193335,1.8539877751041978,-11.302044994281228,activity2,0
714,3.138913479789915,-8.83512497152526,-3.7666777948037615,activity2,0
715,-4.006407431086997,-4.583781809393286,2.6331763971331767,activity2,0
716,-7.515706936708142,5.357134620416614,-13.39009328781652,activity2,0
717,-5.8216884571774585,-4.672534294446292,-9.917536702752857,activity2,0
718,1.6089529279433652,8.932567613576811,1.988619548714471,activity2,0
719,-6.262703367083645,-2.2928648444287507,-3.9049228075608027,activity2,0
720,-5.434354234253233,5.197388588062914,-4.127226502043468,activity2,0
721,-6.051463698168143,-1.3660565089939163,2.620114676456623,activity2,0
722,-2.5803725282984504,-6.937792548810341,0.5813392961951553,activity2,0
723,-5.427448801878041,2.096316367327729,2.3644192472945154,activity2,0
724,-11.509180244862685,7.809475885587085,-5.928570090329325,activity2,0
725,-7.935904709225201,-4.08395148203566,6.826234931972081,activity2,0
726,-8.16394520753219,-1.1615736406005501,-8.81009216552853,activity2,0
727,2.716596922275775,3.003241643477324,-1.0060300690731938,activity2,0
728,0.5633702105452123,11.001772370728299,-2.562360428896912,activity2,0
729,-0.5637031030008703,4.073203541645832,-4.302620569941014,activity2,0
730,-6.02679158632205,-9.235266888883178,-2.0115065351755854,activity2,0
731,-7.578957709969856,-9.725768459856033,-12.12693402798974,activity2,0
732,-6.037588008286785,-6.4399936808225835,-9.910981847402212,activity2,0
733,-8.75940051275837,-0.5936086876495708,-6.2273932749039345,activity2,0
734,8.986001957935036,7.12693534552948,-6.855594137485557,activity2,0
735,-14.72660824185701,-3.7534334694638662,-1.0639822714618647,activity2,0
736,-0.6799573246309545,-1.4944313542115126,3.006204266573522,activity2,0
737,-9.922761489962635,0.44104812390128023,-3.787470508774299,activity2,0
738,-4.021717457473463,-6.580169214582389,1.9261737744200502,activity2,0
739,-8.440009712468672,-9.823698177669845,-2.4179328186973708,activity2,0
740,-9.388144812413154,-4.681590342381073,-7.819106890783499,activity2,0
741,-9.200981504674807,-11.363739206112387,-3.485405916338665,activity2,0
742,5.274930768710293,-3.765878081463615,-5.498713175474035,activity2,0
743,-4.16494211154796,-6.072339795343677,0.8541811048306034,activity2,0
744,-7.328510972390431,-2.3024965960259576,1.7474665247817365,activity2,0
745,-0.7210651795856351,-7.916944498937399,2.561092579649447,activity2,0
746,-3.4482534271685035,-2.040310928826719,1.9043956123055326,activity2,0
747,0.10016879670826384,-2.23557829327065,-3.055455061574846,activity2,0
748,-12.62128327968915,3.262530672136611,-1.6701331056481306,activity2,0
749,-1.981980477689993,-2.5985496750271624,-0.36662661680825703,activity2,0
750,0.3634741855119086,-8.293527482320373,-7.105775244969176,activity2,0
751,-11.807991455572818,-4.410476389974768,-3.9738079388421075,activity2,0
752,-1.2590235778834376,11.78550747705191,9.470915472055836,activity2,0
753,4.9809078641408036,4.083955513320286,-6.736254754454555,activity2,0
754,-3.5742885167735134,-8.563049339217002,-3.9463312212794377,activity2,0
755,0.607029685124056,-4.359684035894123,-9.344013962322476,activity2,0
756,-0.14714774844545042,-1.4604347278602674,-7.377818236778265,activity2,0
757,-7.037528487552884,-2.6229354768336304,-4.444281122874376,activity2,0
758,-3.3011663270675244,-1.7357101324319992,-1.1932563218579686,activity2,0
759,-11.334973554308013,-4.846363538219821,-4.066752136896977,activity2,0
760,-5.75651518551263,-7.524988622197039,-8.789684920212894,activity2,0
761,-2.1715601251688206,-3.2697814501979305,-5.3306805113553395,activity2,0
762,0.11550246868899094,-3.8992984808611784,-8.172104336748752,activity2,0
763,-3.376939373760442,1.8609037079107509,3.5527734795294688,activity2,0
764,0.09991865071582717,-9.01449585899136,-1.6689726188960723,activity2,0
765,-9.014531064776849,-6.520565894338043,-4.400056835916386,activity2,0
766,-4.0084863727743585,13.78589446372007,-7.643571658779045,activity2,0
767,-3.4036030774346138,-5.923269244319595,-5.794297143100772,activity2,0
768,5.747956233398183,-6.9507631214528365,-6.174329825025798,activity2,0
769,-4.5708332810004215,1.8872833500047799,-2.536181211349672,activity2,0
770,-5.995083189970915,-2.794059672110517,-4.3440470453726086,activity2,0
771,-3.393243880782257,-5.816207305517004,-8.99282951423875,activity2,0
772,-8.095567224349718,-2.615104872458449,5.1043335322519265,activity2,0
773,-2.536230754673919,0.6436365621039064,-8.474587479064237,activity2,0
774,-5.325276082731288,-7.432845469212298,-3.464179940594695,activity2,0
775,-12.456637740205919,-7.917082358479217,-2.4094513556103347,activity2,0
776,-3.7929327556693044,0.990645470716708,-6.146623763107086,activity2,0
777,-5.0877154696509965,-5.20900583379281,-9.738557596508425,activity2,0
778,-11.662116510339917,-1.3119069391307705,-5.6113745110676145,activity2,0
779,-3.835670773072609,-7.5966676476794,-7.5514339606239655,activity2,0
780,3.9467798103724014,0.3658497727733927,4.361548557946793,activity2,0
781,-0.8934812586214314,-1.7415489737434777,0.4361565617627905,activity2,0
782,-0.44036403634421095,8.321030272680995,-12.116585158370723,activity2,0
783,-10.207483627915213,-10.443643527352494,-0.596476572624137,activity2,0
784,-1.1155081553888877,-5.412983539205359,-2.9681970735023624,activity2,0
785,-2.75775209309961,-0.1789853852675023,-6.1694789705923725,activity2,0
786,-0.8547738083278418,-7.749590149938987,-14.326671335559874,activity2,0
787,-1.3868568914558717,0.5451863267179347,-1.2123033198441466,activity2,0
788,-10.298903627519069,-3.943647421889041,-6.287846866068002,activity2,0
789,-3.7070040577898373,-7.328757630168864,-7.5863128005753016,activity2,0
790,-7.2893543021258305,-1.452996300363933,-5.203104379629385,activity2,0
791,-3.7504204714241105,-4.7947301613397375,-3.1982916960179395,activity2,0
792,-7.9870046345091525,-3.855208968330809,-11.06001668905596,activity2,0
793,3.0623518357049813,-4.997326802927402,2.38492583366002,activity2,0
794,-7.794861942221711,-2.7627187246821965,-4.715670488266745,activity2,0
795,-7.9947107823276795,-3.6327439392078564,-7.9303670246046885,activity2,0
796,-3.1270679672822324,4.553589260525323,-2.498627537196085,activity2,0
797,-8.885495347019974,-7.906470872747928,-3.187550388879522,activity2,0
798,-5.623316512164329,-3.375048884475623,-14.89394442211852,activity2,0
799,-7.649822987689809,-5.071130780070715,-12.121437310346051,activity2,0
800,4.055860319448058,-10.538821470492381,-4.830089699746418,activity1,0
801,4.429019134155863,-2.0090108206806097,-7.394150574309067,activity1,0
802,0.21265240767302673,5.582870148557971,-4.1399728569615055,activity1,0
803,-1.4560852608700814,0.4081765182087387,-8.632890539747477,activity1,0
804,5.204588072875567,2.307945550620364,-3.9877473131013197,activity1,0
805,2.5260204016144403,4.487722150708365,1.919167111957793,activity1,0
806,2.9902620234142834,6.5607287428280845,10.104675175270211,activity1,0
807,0.36903881327874766,-2.7534197921730605,-0.288057755575752,activity1,0
808,-7.941150138857161,2.2742909441760744,-2.15884403905323,activity1,0
809,-0.062329912797763676,1.7421364212674053,-7.629946454181026,activity1,0
810,-2.162449596045339,-0.8948314952214,0.5766540377348379,activity1,0
811,3.7252763672993847,3.4293903035534683,-4.0554762174356025,activity1,0
812,5.559212164970946,12.007676121886401,-0.3269146470516433,activity1,0
813,-2.789755223805843,6.873073752989244,-1.6533577996410882,activity1,0
814,2.841926171385259,5.681906094817777,-2.5278588910480058,activity1,0
815,9.179394988428566,4.3872401226537985,-3.5130633890709646,activity1,0
816,-2.838563602852795,6.014432023466586,7.045102119972306,activity1,0
817,8.909608700365688,-0.03405727390671687,-5.5782821863444125,activity1,0
818,-3.7629292358532354,1.485018354614311,0.24034156106667526,activity1,0
819,0.614798778039757,1.466269397119325,-2.8568268499885323,activity1,0
820,0.4442719407907938,-1.4762325326824848,-3.1766974198315245,activity1,0
821,0.5574944993503119,6.291930296993765,7.565608032356863,activity1,0
822,-3.688390209539726,7.529988195158827,6.0852219006799615,activity1,0
823,-2.455915518822149,11.109663598350945,-5.440736224852868,activity1,0
824,-2.838601431796997,-8.679247885617254,1.6749878926053725,activity1,0
825,2.134812977022287,-5.542681557874785,-0.6193845903565527,activity1,0
826,2.150175572551558,-6.124571877232462,1.7305111181239692,activity1,0
827,11.629721658691293,2.6027524058161537,1.0603188030618487,activity1,0
828,7.354945031455607,6.018631353186613,1.6684429558467895,activity1,0
829,-2.0492162106923955,5.046593728396405,-2.1216397092183517,activity1,0
830,2.1243480789809306,7.8764533131566115,-10.218522115813977,activity1,0
831,5.485589903958798,-3.6436691512348114,-0.7158121235814292,activity1,0
832,0.6530091216925888,5.5846249024760715,-5.7324974452378035,activity1,0
833,0.15179210776532215,-2.9862186017199948,2.837510257481836,activity1,0
834,0.757874713849445,-6.905108774938087,-3.263804133881708,activity1,0
835,4.836383144042139,-3.2043096705983363,3.312099647153687,activity1,0
836,-3.7416026140261627,-2.593147476367703,7.182936610751298,activity1,0
837,-1.128347344100871,3.184908706401554,4.144727166880276,activity1,0
838,2.8521657242324094,-0.911047064351092,9.479251823399233,activity1,0
839,2.057235357770778,-0.22150195241221704,1.964030232766059,activity1,0
840,1.6979137992819568,-3.461682004005622,4.108281724499406,activity1,0
841,-1.349005831519016,-2.574065976706213,5.197399998001097,activity1,0
842,5.362678945712685,0.18391387319952113,-2.546452265483463,activity1,0
843,11.169341236022687,1.0932119564158547,3.061595536200185,activity1,0
844,2.532077468381031,2.1867037646329006,8.85363693370276,activity1,0
845,-0.4658835077491994,-6.497067078074345,9.268445445655725,activity1,0
846,4.278701444472713,3.421910495930102,6.562938683640041,activity1,0
847,-2.1956631837649496,1.4176808537959187,4.97192799125583,activity1,0
848,-3.248451723514483,-6.346585990077186,-3.9403798140026094,activity1,0
849,0.6640437380685591,3.7906296677811504,-6.312575466760576,activity1,0
850,-12.413983164849723,-10.768348483225134,-0.5606286503794533,activity1,0
851,-5.269751818260048,-3.0486249428301218,-2.548191548524046,activity1,0
852,-1.2398092796042293,-0.9967232537984356,-0.34649191153568837,activity1,0
853,-6.266944290738567,-3.37209134794603,1.317889340657493,activity1,0
854,-4.663215509460648,-3.075348836535226,-0.20816185334434945,activity1,0
855,-1.6837416872900368,14.23911913492712,2.2614427988435573,activity1,0
856,-7.714826467653046,-1.7320971122277249,-4.626637197927,activity1,0
857,-1.5303589812991598,-2.196993342338558,0.9904841016359711,activity1,0
858,-2.1763508226642223,3.0242260501477176,-0.48335043237656206,activity1,0
859,0.6270260419250802,0.6545081466472586,4.262692963306272,activity1,0
860,6.2709201524700955,4.446588552515234,0.9376356866349123,activity1,0
861,1.3625220824643298,4.626606474202788,-1.8281753335479878,activity1,0
862,0.6053101067103182,-0.10816994148994308,-1.9233000735013603,activity1,0
863,0.9972722851535587,4.6790239497659005,5.74016499722863,activity1,0
864,1.6369638756056424,-2.2651248891558384,-10.258551575217467,activity1,0
865,-4.583693243048844,-2.616391887926799,2.5657405896247214,activity1,0
866,-0.07387662385399096,1.0904242191801279,1.6754954625295904,activity1,0
867,2.0437562091830657,-2.4387814240723955,4.833146374493421,activity1,0
868,-6.353799912715303,2.2863084838085523,0.0687047275669097,activity1,0
869,4.828264614079266,3.5418736085453304,-6.307873597585752,activity1,0
870,5.906880172290949,-7.941483271102454,2.261788469845089,activity1,0
871,-2.656879942246944,2.00687907667361,3.926658664492612,activity1,0
872,-0.7066889572655228,-4.180818227740742,-1.0680139772608273,activity1,0
873,-3.8909517140503658,3.93939318247263,1.4400957004550374,activity1,0
874,3.9969024179390855,-2.056725113907751,2.549927123809626,activity1,0
875,-4.806111437229546,7.426869922518051,3.3404439190970967,activity1,0
876,-0.6123850512146014,1.9234742576833606,3.3445838117153963,activity1,0
877,-3.794599539038358,2.6649756467957264,8.602446281897016,activity1,0
878,0.7547713850564475,1.1250898369492957,-0.2975594124065981,activity1,0
879,-8.471146357448605,-3.9972714404348935,-0.03339689734089446,activity1,0
880,7.132308211828466,1.6761195071555202,-5.2700564637882055,activity1,0
881,-4.32303212103132,-5.51625305139546,3.555335052044933,activity1,0
882,0.7994734155813803,-8.09691125038703,-3.07352233046392,activity1,0
883,-0.562615223851546,3.46599383828704,-8.129307251443073,activity1,0
884,-3.3105725596124906,-4.389465378555694,4.491405272137575,activity1,0
885,-3.9389006831796767,1.8265342531761792,-3.1334999791968894,activity1,0
886,5.181992717762298,3.0335022610698568,1.3376787377453003,activity1,0
887,-2.1282029655096983,3.144603252018065,-3.673007336822435,activity1,0
888,1.8558509231865545,-3.712241759525263,6.740795655057424,activity1,0
889,-3.5074844269718737,2.4568703514532215,-4.05666115693191,activity1,0
890,-2.7359071592388036,-5.332151924780728,-7.080522195205356,activity1,0
891,2.861235750439244,7.990349932380262,-0.28024029899108127,activity1,0
892,5.152042480555582,-11.014346846973583,-1.1961543625014257,activity1,0
893,-0.37658201163509974,6.5580317869130305,-0.29676517678831127,activity1,0
894,-6.609599358202185,-0.7195243299875607,-0.413999033047167,activity1,0
895,10.489780398750023,-5.526290169568842,-2.2210370721626393,activity1,0
896,-3.782746541171047,-0.9586659235279069,7.488102891767678,activity1,0
897,-7.207936998358937,0.8080239965026443,5.711470424101319,activity1,0
898,13.47212293884076,-2.9416144999050378,-0.7154783004155993,activity1,0
899,-1.5201614692546856,3.6571581286561026,15.232375004030551,activity1,0
900,-10.30866344130704,-1.926275223892267,-8.35541799828605,activity2,0
901,-6.917198833943409,-5.825802509750302,-9.95693743806121,activity2,0
902,-1.662275519888655,-3.0433234515713905,-1.1832534746483292,activity2,0
903,-2.5484422120303014,-6.938804625840657,1.6601055057715488,activity2,0
904,-7.7586459862679495,9.443811245151032,-4.471822981727579,activity2,0
905,5.613618000639796,7.844109558584458,-1.4722870973795175,activity2,0
906,-6.1078983899668655,4.7048511022351995,0.5878196553925736,activity2,0
907,-9.423432952057759,0.04020519893712349,-6.748798168366117,activity2,0
908,1.3034669923032984,-11.766763521111773,2.7257956507110386,activity2,0
909,3.1453142326984116,-11.516359602119959,-1.9976333304958873,activity2,0
910,-7.587465488081133,1.6482220552139726,2.33775655646206,activity2,0
911,-10.506736465196553,-4.234420539770464,-6.6667167044052125,activity2,0
912,1.6521913370780235,0.03964891406818705,-8.482588319152033,activity2,0
913,-13.736618065289809,0.3753691728125439,1.9816763819074446,activity2,0
914,-9.633108296983078,-6.2516003981705754,3.4558664346392343,activity2,0
915,1.3372307502511749,-4.476304531394071,-4.5676312229881155,activity2,0
916,-3.776762740111948,7.534512975618325,-3.48548906964057,activity2,0
917,-4.819686742963439,-5.36887890505769,-3.234289363154444,activity2,0
918,-1.7359169675281083,3.272144491077424,-1.9830238855425448,activity2,0
919,-4.263872117727043,-4.405573932453154,-0.9134741510862483,activity2,0
920,-9.993433610815451,-2.8032499063051626,-3.551350025976845,activity2,0
921,2.880376730030938,-4.057364434295967,-3.973431021320608,activity2,0
922,3.1250702644340764,1.557240798888075,-2.030773125449426,activity2,0
923,-2.4733371811102014,-6.967881512618099,3.0675755064331582,activity2,0
924,-3.2743299228399487,-2.1061832253487576,-1.0681329509535038,activity2,0
925,8.19812403010029,-13.773498849127696,-7.994634562081038,activity2,0
926,-4.882164225079186,-6.354542535685832,-7.097279713160812,activity2,0
927,-4.797884909170197,-5.031183892294337,-4.295126885032939,activity2,0
928,-1.677593753797472,-5.078431836458455,-1.0784195896112658,activity2,0
929,3.8566097807116915,-7.948534929231597,-9.01363095033247,activity2,0
930,4.463853772087418,-15.11571988930719,-3.0754333713951247,activity2,0
931,-4.792863158383856,-1.1011881902927945,-0.6558561148876083,activity2,0
932,-1.9583437702032738,-3.291436766526152,-2.1601152057676343,activity2,0
933,-10.390417335320386,-3.1065435837896214,-1.0940811495751817,activity2,0
934,-5.059880539581065,0.6554872066399824,-7.0672544570134175,activity2,0
935,-7.701451977396532,-11.8218584751128,-2.4955233363431812,activity2,0
936,-8.534158761494918,-14.128321786334636,-7.667764860932964,activity2,0
937,4.9078835813366375,2.976319283855725,-7.100755948791203,activity2,0
938,-7.461433309030724,-8.383163136283066,-0.878604099975179,activity2,0
939,-6.158029540057274,-2.781803222106918,-3.4449151262028463,activity2,0
940,-1.670756060415709,-7.055218328298814,-1.2864052001717416,activity2,0
941,2.989126334867928,-9.240070658150177,-1.1315536728735598,activity2,0
942,-1.0944243680558228,-9.226314959740895,-6.191024728420496,activity2,0
943,10.296775570107911,-7.509621702927982,4.763467051365991,activity2,0
944,-3.873339891255748,4.175743178784672,-4.9712446330351465,activity2,0
945,-2.2064177988512697,7.353641147374663,-5.951983083588846,activity2,0
946,-2.1219966300797184,0.3289002826141165,2.8696371089974324,activity2,0
947,3.6752469339457727,4.310431215064765,2.4027796883204218,activity2,0
948,-0.9638052444519238,-2.621862221553724,-4.487851572605164,activity2,0
949,-4.081148501935745,-10.251586835140417,-1.0814683950103112,activity2,0
950,-8.237442974534398,5.458744037572007,-15.372300876064298,activity2,0
951,-2.277782720191837,0.08042165718694605,-2.0514528048393297,activity2,0
952,3.506724156459798,-4.469283163324201,-0.45750893229949074,activity2,0
953,-5.551908968289353,-5.763143165208309,-11.602149674401913,activity2,0
954,-0.8552819079170888,-2.082429162693539,3.0713356551376547,activity2,0
955,-2.269261056575779,-9.79625795324739,-0.3277851079817835,activity2,0
956,0.817598291906573,-1.6848448055548462,-5.595011049092452,activity2,0
957,-7.523768703189346,-1.7549047215344236,-5.944333515228842,activity2,0
958,8.233235152632808,-1.0343775538525,-0.46382530092015983,activity2,0
959,-9.895805535141292,-7.9182995306232105,1.2544614438301958,activity2,0
960,-5.327755449930186,-9.930957589979155,-6.700057493611701,activity2,0
961,1.1904627045282279,-0.36057948193075173,3.990380057003464,activity2,0
962,-2.0163341375294332,-0.8506296251749612,-14.436127961151392,activity2,0
963,0.649930795405516,-10.706890036467026,-8.126724850651621,activity2,0
964,-5.980511669912811,-4.917629871334793,-11.980223647828286,activity2,0
965,-3.8740249134017053,-6.168957791567513,4.27015230899245,activity2,0
966,-3.438840081805913,-6.188360698360442,2.038155400163115,activity2,0
967,4.346298072679522,-2.4594634571078267,-1.448612580753633,activity2,0
968,-0.04785487808475519,1.3999897340817853,-1.714139709010852,activity2,0
969,0.4833605418233571,7.888880045948577,-3.377758793034162,activity2,0
970,-6.789630462683976,2.563808484584028,2.2163545298218486,activity2,0
971,1.3444131928152538,-0.6786234929832924,4.6891120526082215,activity2,0
972,-2.3720916821559825,-3.3227573825422665,-2.9805446082541986,activity2,0
973,3.445726578389637,-8.89463374529052,2.4536761137778402,activity2,0
974,6.57030077459234,-2.937394847712044,-7.004201915335563,activity2,0
975,-5.033828880135022,-4.576492748837041,-5.532080237181656,activity2,0
976,-5.531515652225313,5.379627220898264,2.199909299988743,activity2,0
977,-7.820224955511848,1.420425126624842,0.7412208573236567,activity2,0
978,-4.217897558581603,-3.8835932132804807,-7.639309403262659,activity2,0
979,-5.4101272447519175,-0.1602372993739225,2.5829594727755687,activity2,0
980,-1.7024780021449493,-8.557654005605771,-4.421096374556752,activity2,0
981,-4.22283408466868,-11.120171904688549,-0.8081976838918621,activity2,0
982,-5.307996403908099,-2.6953722305298418,-3.43176812224444,activity2,0
983,1.8229256806392584,0.7894484620536337,-11.616992065191821,activity2,0
984,-8.18940115575726,-11.975205849864496,-5.395560517754324,activity2,0
985,-1.3344602342432816,2.607421786444479,-7.755534693375683,activity2,0
986,-5.529708635942417,-4.098677915969677,-9.933123171628518,activity2,0
987,0.12184252434982223,1.0178182553746735,-12.529579204360816,activity2,0
988,3.426307733611152,-4.650990339942489,2.0012979734919663,activity2,0
989,-5.015491267120364,5.528650213313199,-6.965770840160175,activity2,0
990,-1.294835463634243,-3.432758912962077,-4.5453778014392725,activity2,0
991,-2.6060356713341006,-7.518942937513391,-3.466044180317598,activity2,0
992,-7.497111997715483,-1.273696737327958,-8.615921336023375,activity2,0
993,-2.296062451290308,-2.875749152673366,-10.850071072629127,activity2,0
994,-2.054397473605939,-6.150958340299182,4.214701175144995,activity2,0
995,-1.4356458977691267,-7.725673897589747,-0.8470710526511906,activity2,0
996,-4.491994484100228,2.2511957397564553,0.1498727913536877,activity2,0
997,-3.029038498449267,-4.05706547737422,-1.2324064268788315,activity2,0
998,-9.238054724215676,1.5914551057165625,-2.659350472453194,activity2,0
999,-5.290570377399284,-2.6008671204366616,4.512074957806355,activity2,0
